<?xml version="1.0" encoding="UTF-8"?>
<minaClientConfig>
    <zoneid>1</zoneid>
    <zonename>内部开发</zonename>
    <id>20001</id>
    <name>GameTcpClient</name>
    <web>test</web>
    <maxReadSize>10240</maxReadSize>
    <maxWriteSize>1048576</maxWriteSize>
    <maxTryCount>30</maxTryCount>
    <receiveBufferSize>524288</receiveBufferSize>
    <sendBufferSize>1048576</sendBufferSize>
    <orderedThreadPoolExecutorSize>150</orderedThreadPoolExecutorSize>
    <soLinger>0</soLinger>
    <connTos class="java.util.HashSet">
        <minaClienConnToConfig>
            <id>1</id>
            <name>LoginServer</name>
            <web>test</web>
            <maxReadSize>10240</maxReadSize>
            <maxWriteSize>1048576</maxWriteSize>
            <maxTryCount>30</maxTryCount>
            <type>1</type>
            <host>127.0.0.1</host>
            <port>8081</port>
        </minaClienConnToConfig>
    </connTos>
</minaClientConfig>