<?xml version="1.0" encoding="UTF-8"?>
<minaServerConfig>
   <zoneid>1</zoneid>
   <zonename>内部开发</zonename>
   <id>20001</id>
   <name>GameTcpServer</name>
   <web>test</web>
   <maxReadSize>10240</maxReadSize>
   <maxWriteSize>1048576</maxWriteSize>
   <maxTryCount>30</maxTryCount>
   <ip>192.168.1.88</ip>
   <port>8082</port>
   <sslport>0</sslport>
   <url>aaaa</url>
   <orderedThreadPoolExecutorSize>300</orderedThreadPoolExecutorSize>
   <receiveBufferSize>5120</receiveBufferSize>
   <sendBufferSize>20480</sendBufferSize>
   <reuseAddress>true</reuseAddress>
   <tcpNoDelay>true</tcpNoDelay>
   <readerIdleTime>30</readerIdleTime>
   <writerIdleTime>0</writerIdleTime>
   <soLinger>0</soLinger>
   <version>1.0</version>
</minaServerConfig>